[
  { "name": "Los Angeles", "hasProps": true },
  { "name": "San Diego", "hasProps": true },
  { "name": "San Jose", "hasProps": false },
  { "name": "San Francisco", "hasProps": true },
  { "name": "Fresno", "hasProps": true },
  { "name": "Sacramento", "hasProps": false },
  { "name": "Long Beach", "hasProps": true },
  { "name": "Oakland", "hasProps": true },
  { "name": "Bakersfield", "hasProps": false },
  { "name": "Anaheim", "hasProps": false },
  { "name": "Santa Ana", "hasProps": true },
  { "name": "Riverside", "hasProps": false },
  { "name": "Stockton", "hasProps": false },
  { "name": "Irvine", "hasProps": false },
  { "name": "Chula Vista", "hasProps": false },
  { "name": "Fremont", "hasProps": false },
  { "name": "San Bernardino", "hasProps": false },
  { "name": "Modesto", "hasProps": false },
  { "name": "Moreno Valley", "hasProps": false },
  { "name": "Fontana", "hasProps": false },
  { "name": "Oxnard", "hasProps": false },
  { "name": "Huntington Beach", "hasProps": false },
  { "name": "Glendale", "hasProps": false },
  { "name": "Santa Clarita", "hasProps": false },
  { "name": "Garden Grove", "hasProps": false },
  { "name": "Oceanside", "hasProps": false },
  { "name": "Rancho Cucamonga", "hasProps": false },
  { "name": "Santa Rosa", "hasProps": false },
  { "name": "Ontario", "hasProps": false },
  { "name": "Elk Grove", "hasProps": false },
  { "name": "Lancaster", "hasProps": true },
  { "name": "Corona", "hasProps": false },
  { "name": "Palmdale", "hasProps": false },
  { "name": "Salinas", "hasProps": false },
  { "name": "Pomona", "hasProps": false },
  { "name": "Hayward", "hasProps": false },
  { "name": "Escondido", "hasProps": false },
  { "name": "Sunnyvale", "hasProps": false },
  { "name": "Torrance", "hasProps": false },
  { "name": "Pasadena", "hasProps": false },
  { "name": "Orange", "hasProps": false },
  { "name": "Fullerton", "hasProps": false },
  { "name": "Roseville", "hasProps": false },
  { "name": "Visalia", "hasProps": false },
  { "name": "Santa Clara", "hasProps": false },
  { "name": "Concord", "hasProps": false },
  { "name": "Victorville", "hasProps": false },
  { "name": "Thousand Oaks", "hasProps": false },
  { "name": "Simi Valley", "hasProps": false },
  { "name": "Berkeley", "hasProps": true },
  { "name": "Vallejo", "hasProps": false },
  { "name": "Fairfield", "hasProps": false },
  { "name": "Murrieta", "hasProps": false },
  { "name": "El Monte", "hasProps": false },
  { "name": "Carlsbad", "hasProps": false },
  { "name": "Temecula", "hasProps": false },
  { "name": "Costa Mesa", "hasProps": false },
  { "name": "Downey", "hasProps": true },
  { "name": "Antioch", "hasProps": false },
  { "name": "Inglewood", "hasProps": false },
  { "name": "Richmond", "hasProps": false },
  { "name": "Ventura", "hasProps": false },
  { "name": "Daly city", "hasProps": false },
  { "name": "West Covina", "hasProps": false },
  { "name": "San Buenaventura", "hasProps": false },
  { "name": "Rialto", "hasProps": false },
  { "name": "Norwalk", "hasProps": false },
  { "name": "Burbank", "hasProps": true },
  { "name": "Santa Maria", "hasProps": false },
  { "name": "El Cajon", "hasProps": false },
  { "name": "San Mateo", "hasProps": false },
  { "name": "Jurupa Valley", "hasProps": false },
  { "name": "Vista", "hasProps": false },
  { "name": "Vacaville", "hasProps": false },
  { "name": "Compton", "hasProps": true },
  { "name": "Mission Viejo", "hasProps": false },
  { "name": "South Gate", "hasProps": false },
  { "name": "Menifee", "hasProps": false },
  { "name": "Carson", "hasProps": false },
  { "name": "Hesperia", "hasProps": false },
  { "name": "Santa Monica", "hasProps": false },
  { "name": "Westminster", "hasProps": false },
  { "name": "Santa Barbara", "hasProps": false },
  { "name": "Redding", "hasProps": false },
  { "name": "San Leandro", "hasProps": false },
  { "name": "San Marcos", "hasProps": false },
  { "name": "Chico", "hasProps": true },
  { "name": "Whittier", "hasProps": false },
  { "name": "Newport Beach", "hasProps": false },
  { "name": "Hawthorne", "hasProps": false },
  { "name": "San Clemente", "hasProps": false },
  { "name": "Citrus Heights", "hasProps": false },
  { "name": "Livermore", "hasProps": false },
  { "name": "Tracy", "hasProps": false },
  { "name": "Indio", "hasProps": false },
  { "name": "Alhambra", "hasProps": false },
  { "name": "Buena Park", "hasProps": false },
  { "name": "Alameda", "hasProps": false },
  { "name": "Chino", "hasProps": false },
  { "name": "Chino Hills", "hasProps": false },
  { "name": "Clovis", "hasProps": true },
  { "name": "Mountain View", "hasProps": false },
  { "name": "Manteca", "hasProps": false },
  { "name": "Redwood city", "hasProps": true },
  { "name": "Tustin", "hasProps": false },
  { "name": "Lakewood", "hasProps": false },
  { "name": "Napa", "hasProps": true },
  { "name": "Bellflower", "hasProps": true },
  { "name": "Baldwin Park", "hasProps": false },
  { "name": "Lynwood", "hasProps": false },
  { "name": "Union city", "hasProps": false },
  { "name": "Redlands", "hasProps": false },
  { "name": "Turlock", "hasProps": false },
  { "name": "Perris", "hasProps": false },
  { "name": "Upland", "hasProps": false },
  { "name": "Folsom", "hasProps": false },
  { "name": "Milpitas", "hasProps": false },
  { "name": "Redondo Beach", "hasProps": false },
  { "name": "Rancho Cordova", "hasProps": false },
  { "name": "Yorba Linda", "hasProps": false },
  { "name": "Palo Alto", "hasProps": false },
  { "name": "Davis", "hasProps": false },
  { "name": "Camarillo", "hasProps": false },
  { "name": "Walnut Creek", "hasProps": false },
  { "name": "Pittsburg", "hasProps": false },
  { "name": "South San Francisco", "hasProps": false },
  { "name": "Yuba city", "hasProps": false },
  { "name": "San Ramon", "hasProps": false },
  { "name": "Laguna Niguel", "hasProps": false },
  { "name": "Pico Rivera", "hasProps": false },
  { "name": "Montebello", "hasProps": false },
  { "name": "Lodi", "hasProps": false },
  { "name": "Madera", "hasProps": false },
  { "name": "Santa Cruz", "hasProps": false },
  { "name": "La Habra", "hasProps": false },
  { "name": "Encinitas", "hasProps": false },
  { "name": "Monterey Park", "hasProps": false },
  { "name": "Tulare", "hasProps": false },
  { "name": "Cupertino", "hasProps": false },
  { "name": "Gardena", "hasProps": false },
  { "name": "National city", "hasProps": false },
  { "name": "Rocklin", "hasProps": false },
  { "name": "Petaluma", "hasProps": false },
  { "name": "Huntington Park", "hasProps": false },
  { "name": "San Rafael", "hasProps": true },
  { "name": "La Mesa", "hasProps": false },
  { "name": "Arcadia", "hasProps": false },
  { "name": "Fountain Valley", "hasProps": false },
  { "name": "Diamond Bar", "hasProps": false },
  { "name": "Woodland", "hasProps": false },
  { "name": "Santee", "hasProps": false },
  { "name": "Lake Forest", "hasProps": false },
  { "name": "Porterville", "hasProps": false },
  { "name": "Paramount", "hasProps": false },
  { "name": "Eastvale", "hasProps": false },
  { "name": "Rosemead", "hasProps": false },
  { "name": "Hanford", "hasProps": false },
  { "name": "Highland", "hasProps": false },
  { "name": "Brentwood", "hasProps": false },
  { "name": "Novato", "hasProps": false },
  { "name": "Colton", "hasProps": false },
  { "name": "Cathedral city", "hasProps": false },
  { "name": "Delano", "hasProps": false },
  { "name": "Yucaipa", "hasProps": false },
  { "name": "Watsonville", "hasProps": false },
  { "name": "Placentia", "hasProps": false },
  { "name": "Glendora", "hasProps": false },
  { "name": "Gilroy", "hasProps": false },
  { "name": "Palm Desert", "hasProps": false },
  { "name": "Cerritos", "hasProps": false },
  { "name": "West Sacramento", "hasProps": false },
  { "name": "Aliso Viejo", "hasProps": false },
  { "name": "Poway", "hasProps": false },
  { "name": "La Mirada", "hasProps": false },
  { "name": "Rancho Santa Margarita", "hasProps": false },
  { "name": "Cypress", "hasProps": false },
  { "name": "Dublin", "hasProps": false },
  { "name": "Covina", "hasProps": false },
  { "name": "Azusa", "hasProps": true },
  { "name": "Palm Springs", "hasProps": false },
  { "name": "San Luis Obispo", "hasProps": false },
  { "name": "Ceres", "hasProps": false },
  { "name": "San Jacinto", "hasProps": false },
  { "name": "Lincoln", "hasProps": false },
  { "name": "Newark", "hasProps": true },
  { "name": "Lompoc", "hasProps": false },
  { "name": "El Centro", "hasProps": false },
  { "name": "Danville", "hasProps": false },
  { "name": "Bell Gardens", "hasProps": false },
  { "name": "Coachella", "hasProps": false },
  { "name": "Rancho Palos Verdes", "hasProps": false },
  { "name": "San Bruno", "hasProps": false },
  { "name": "Rohnert Park", "hasProps": false },
  { "name": "Brea", "hasProps": false },
  { "name": "La Puente", "hasProps": false },
  { "name": "Campbell", "hasProps": false },
  { "name": "San Gabriel", "hasProps": false },
  { "name": "Beaumont", "hasProps": false },
  { "name": "Morgan Hill", "hasProps": false },
  { "name": "Culver city", "hasProps": true },
  { "name": "Calexico", "hasProps": false },
  { "name": "Stanton", "hasProps": false },
  { "name": "La Quinta", "hasProps": false },
  { "name": "Pacifica", "hasProps": false },
  { "name": "Monrovia", "hasProps": false },
  { "name": "Burlingame", "hasProps": false },
  { "name": "Martinez", "hasProps": false },
  { "name": "Moorpark", "hasProps": false },
  { "name": "Paso Robles", "hasProps": false },
  { "name": "San Dimas", "hasProps": false },
  { "name": "Hollister", "hasProps": false },
  { "name": "San Juan Capistrano", "hasProps": false },
  { "name": "Beverly Hills", "hasProps": false },
  { "name": "Seaside", "hasProps": false },
  { "name": "La Verne", "hasProps": false },
  { "name": "Oakley", "hasProps": false },
  { "name": "Montclair", "hasProps": false },
  { "name": "Brentwood", "hasProps": false },
  { "name": "Wildomar", "hasProps": false },
  { "name": "Saratoga", "hasProps": false },
  { "name": "Laguna Hills", "hasProps": false },
  { "name": "Walnut", "hasProps": false },
  { "name": "San Pablo", "hasProps": false },
  { "name": "Menlo Park", "hasProps": false },
  { "name": "Foster city", "hasProps": false },
  { "name": "Hemet", "hasProps": false },
  { "name": "Merced", "hasProps": false },
  { "name": "Lake Elsinore", "hasProps": false },
  { "name": "Goleta", "hasProps": false },
  { "name": "Rocklin", "hasProps": false },
  { "name": "Santa Cruz", "hasProps": false },
  { "name": "Petaluma", "hasProps": false },
  { "name": "Elk Grove", "hasProps": false },
  { "name": "Paradise", "hasProps": true },
  { "name": "Lemon Grove", "hasProps": false },
  { "name": "Oakdale", "hasProps": false },
  { "name": "South Pasadena", "hasProps": false },
  { "name": "Maywood", "hasProps": false },
  { "name": "Los Banos", "hasProps": false },
  { "name": "Monterey", "hasProps": false },
  { "name": "Laguna Beach", "hasProps": false },
  { "name": "Imperial Beach", "hasProps": false },
  { "name": "Benicia", "hasProps": false },
  { "name": "Banning", "hasProps": false },
  { "name": "Colton", "hasProps": false },
  { "name": "Loma Linda", "hasProps": false },
  { "name": "Bell", "hasProps": false },
  { "name": "Pleasant Hill", "hasProps": false },
  { "name": "Los Gatos", "hasProps": false },
  { "name": "Coronado", "hasProps": false },
  { "name": "Los Altos", "hasProps": false },
  { "name": "South Lake Tahoe", "hasProps": false },
  { "name": "Claremont", "hasProps": false },
  { "name": "Lawndale", "hasProps": false },
  { "name": "San Carlos", "hasProps": false },
  { "name": "Pico Rivera", "hasProps": false },
  { "name": "Cudahy", "hasProps": true },
  { "name": "Atwater", "hasProps": false },
  { "name": "West Hollywood", "hasProps": false },
  { "name": "Patterson", "hasProps": false },
  { "name": "Seal Beach", "hasProps": false },
  { "name": "Agoura Hills", "hasProps": false },
  { "name": "Rancho Mirage", "hasProps": false },
  { "name": "Calabasas", "hasProps": false },
  { "name": "Corcoran", "hasProps": false },
  { "name": "Hercules", "hasProps": false },
  { "name": "San Fernando", "hasProps": false },
  { "name": "Reedley", "hasProps": false },
  { "name": "Temple city", "hasProps": false },
  { "name": "Selma", "hasProps": true },
  { "name": "San Marino", "hasProps": false },
  { "name": "Barstow", "hasProps": false },
  { "name": "Twentynine Palms", "hasProps": false },
  { "name": "Galt", "hasProps": false },
  { "name": "Suisun city", "hasProps": false },
  { "name": "Norco", "hasProps": false },
  { "name": "Adelanto", "hasProps": false },
  { "name": "Laguna Woods", "hasProps": false },
  { "name": "Signal Hill", "hasProps": false },
  { "name": "Ridgecrest", "hasProps": false },
  { "name": "Lemoore", "hasProps": false },
  { "name": "Atascadero", "hasProps": false },
  { "name": "Eureka", "hasProps": false },
  { "name": "Desert Hot Springs", "hasProps": false },
  { "name": "Wasco", "hasProps": false },
  { "name": "Dinuba", "hasProps": false },
  { "name": "Corcoran", "hasProps": false },
  { "name": "Oroville", "hasProps": true },
  { "name": "South El Monte", "hasProps": false },
  { "name": "Shafter", "hasProps": false },
  { "name": "Arroyo Grande", "hasProps": false },
  { "name": "El Cerrito", "hasProps": false },
  { "name": "Riverbank", "hasProps": false },
  { "name": "Yucca Valley", "hasProps": false },
  { "name": "La Cañada Flintridge", "hasProps": false },
  { "name": "San Anselmo", "hasProps": true },
  { "name": "Dixon", "hasProps": false },
  { "name": "American Canyon", "hasProps": false },
  { "name": "Blythe", "hasProps": false },
  { "name": "Lomita", "hasProps": false },
  { "name": "Solana Beach", "hasProps": false },
  { "name": "Hermosa Beach", "hasProps": true },
  { "name": "Lathrop", "hasProps": false },
  { "name": "Millbrae", "hasProps": false },
  { "name": "Larkspur", "hasProps": false },
  { "name": "Mill Valley", "hasProps": true },
  { "name": "Pinole", "hasProps": false },
  { "name": "Orinda", "hasProps": false },
  { "name": "Laguna Niguel", "hasProps": false },
  { "name": "Pacific Grove", "hasProps": false },
  { "name": "Coalinga", "hasProps": true },
  { "name": "Arcata", "hasProps": false },
  { "name": "Auburn", "hasProps": false },
  { "name": "Exeter", "hasProps": false },
  { "name": "Parlier", "hasProps": false },
  { "name": "Moraga", "hasProps": false },
  { "name": "Artesia", "hasProps": true },
  { "name": "Port Hueneme", "hasProps": false },
  { "name": "San Lorenzo", "hasProps": false },
  { "name": "Half Moon Bay", "hasProps": false },
  { "name": "Lindsay", "hasProps": false },
  { "name": "Susanville", "hasProps": false },
  { "name": "Imperial", "hasProps": false },
  { "name": "Hawaiian Gardens", "hasProps": false },
  { "name": "Fortuna", "hasProps": false },
  { "name": "Greenfield", "hasProps": false },
  { "name": "Arvin", "hasProps": false },
  { "name": "Fillmore", "hasProps": false },
  { "name": "Albany", "hasProps": true },
  { "name": "Ukiah", "hasProps": false },
  { "name": "Avenal", "hasProps": false },
  { "name": "Clearlake", "hasProps": false },
  { "name": "Cotati", "hasProps": false },
  { "name": "Emeryville", "hasProps": false },
  { "name": "Palos Verdes Estates", "hasProps": false },
  { "name": "Carpinteria", "hasProps": false },
  { "name": "Piedmont", "hasProps": true },
  { "name": "Livingston", "hasProps": false },
  { "name": "King city", "hasProps": false },
  { "name": "Marysville", "hasProps": false },
  { "name": "Commerce", "hasProps": false },
  { "name": "Tehachapi", "hasProps": false },
  { "name": "Grover Beach", "hasProps": false },
  { "name": "Red Bluff", "hasProps": false },
  { "name": "Anderson", "hasProps": false },
  { "name": "Taft", "hasProps": false },
  { "name": "Loomis", "hasProps": false },
  { "name": "Placerville", "hasProps": false },
  { "name": "Mammoth Lakes", "hasProps": true },
  { "name": "Duarte", "hasProps": true },
  { "name": "Mendota", "hasProps": false },
  { "name": "Needles", "hasProps": false },
  { "name": "Yreka", "hasProps": false },
  { "name": "Chowchilla", "hasProps": true },
  { "name": "Grass Valley", "hasProps": false },
  { "name": "McFarland", "hasProps": false },
  { "name": "Scotts Valley", "hasProps": false },
  { "name": "Los Alamitos", "hasProps": false },
  { "name": "Soledad", "hasProps": false },
  { "name": "Agoura Hills", "hasProps": false },
  { "name": "South Pasadena", "hasProps": false },
  { "name": "Calabasas", "hasProps": false },
  { "name": "Cloverdale", "hasProps": false },
  { "name": "Shasta Lake", "hasProps": false },
  { "name": "Ojai", "hasProps": false },
  { "name": "Capitola", "hasProps": false },
  { "name": "Woodlake", "hasProps": false },
  { "name": "Gonzales", "hasProps": false },
  { "name": "Orange Cove", "hasProps": false },
  { "name": "Sierra Madre", "hasProps": true },
  { "name": "Farmersville", "hasProps": false },
  { "name": "Malibu", "hasProps": false },
  { "name": "Orland", "hasProps": false },
  { "name": "Ione", "hasProps": true },
  { "name": "Newman", "hasProps": false },
  { "name": "Healdsburg", "hasProps": false },
  { "name": "Los Altos Hills", "hasProps": false },
  { "name": "Calipatria", "hasProps": false },
  { "name": "Sonoma", "hasProps": false },
  { "name": "Colfax", "hasProps": false },
  { "name": "Corte Madera", "hasProps": false },
  { "name": "Big Bear Lake", "hasProps": false },
  { "name": "Calimesa", "hasProps": false },
  { "name": "Clayton", "hasProps": false },
  { "name": "Gustine", "hasProps": false },
  { "name": "Hughson", "hasProps": false },
  { "name": "Hillsborough", "hasProps": false },
  { "name": "Fairfax", "hasProps": false },
  { "name": "Guadalupe", "hasProps": false },
  { "name": "Solvang", "hasProps": false },
  { "name": "Huron", "hasProps": true },
  { "name": "Winters", "hasProps": false },
  { "name": "Firebaugh", "hasProps": true },
  { "name": "Sausalito", "hasProps": true },
  { "name": "Yountville", "hasProps": false },
  { "name": "St. Helena", "hasProps": true },
  { "name": "Colusa", "hasProps": false },
  { "name": "Lakeport", "hasProps": false },
  { "name": "Holtville", "hasProps": false },
  { "name": "Westlake Village", "hasProps": false },
  { "name": "Fort Bragg", "hasProps": false },
  { "name": "Atherton", "hasProps": false },
  { "name": "Willits", "hasProps": false },
  { "name": "Corning", "hasProps": false },
  { "name": "Crescent city", "hasProps": false },
  { "name": "Brawley", "hasProps": false },
  { "name": "Del Mar", "hasProps": false },
  { "name": "Williams", "hasProps": false },
  { "name": "Tiburon", "hasProps": false },
  { "name": "Truckee", "hasProps": true },
  { "name": "Portola Valley", "hasProps": false },
  { "name": "Woodside", "hasProps": false },
  { "name": "Sebastopol", "hasProps": false },
  { "name": "Fowler", "hasProps": false },
  { "name": "Rolling Hills Estates", "hasProps": false },
  { "name": "Rio Vista", "hasProps": false },
  { "name": "Live Oak", "hasProps": false },
  { "name": "Willows", "hasProps": true },
  { "name": "Escalon", "hasProps": false },
  { "name": "Gridley", "hasProps": false },
  { "name": "Carmel-by-the-Sea", "hasProps": false },
  { "name": "Ross", "hasProps": false },
  { "name": "Waterford", "hasProps": false },
  { "name": "Pismo Beach", "hasProps": false },
  { "name": "Dos Palos", "hasProps": false },
  { "name": "Belvedere", "hasProps": false },
  { "name": "Loyalton", "hasProps": false },
  { "name": "Monte Sereno", "hasProps": false },
  { "name": "Hidden Hills", "hasProps": false },
  { "name": "Avalon", "hasProps": false },
  { "name": "Buellton", "hasProps": false },
  { "name": "Tulelake", "hasProps": false },
  { "name": "Biggs", "hasProps": false },
  { "name": "Portola", "hasProps": false },
  { "name": "Bradbury", "hasProps": false },
  { "name": "Colma", "hasProps": false },
  { "name": "Maricopa", "hasProps": false },
  { "name": "Blue Lake", "hasProps": false },
  { "name": "Sand city", "hasProps": false },
  { "name": "Plymouth", "hasProps": true },
  { "name": "Ferndale", "hasProps": false },
  { "name": "Point Arena", "hasProps": false },
  { "name": "Del Rey Oaks", "hasProps": false },
  { "name": "Dorris", "hasProps": false },
  { "name": "Etna", "hasProps": false },
  { "name": "Fort Jones", "hasProps": false },
  { "name": "Isleton", "hasProps": false },
  { "name": "Tehama", "hasProps": false },
  { "name": "Industry", "hasProps": false },
  { "name": "Vernon", "hasProps": false },
  { "name": "Irwindale", "hasProps": true },
  { "name": "Amador city", "hasProps": false },
  { "name": "Bishop", "hasProps": true },
  { "name": "Pleasanton", "hasProps": true },
  { "name": "Sanger", "hasProps": true },
  { "name": "Sutter Creek", "hasProps": true }
]